id	first_name	last_name	email	gender	language	ssn	ip_address	password	university	job_title	company_name	ein	currency	currency_code	credit_card_type	credit_card_number	diagnosis_code	procedure_code	drug_name
1	Rickie	Ference	rference0@cnbc.com	Non-binary	Portuguese	332-17-0419	195.152.60.65	UGdAEAK	Nalanda Open University	VP Marketing	Yotz	99-8876907	Dong	VND	jcb	3572202728976808	4271	0YHB31Z	Ragweed Tall Giant
2	Ray	Lebarree	rlebarree1@scientificamerican.com	Polygender	Swahili	282-12-9281	213.56.119.252	NNIeJU6Q9jy6	College of the Atlantic	Systems Administrator I	Viva	23-0880272	Yuan Renminbi	CNY	mastercard	5544757806759186	04105	0LRC47Z	omeprazole
3	Lilly	Dibner	ldibner2@tinyurl.com	Agender	Oriya	545-35-4640	253.245.218.0	b3d8neZrPSS	Edinboro University of Pennsylvania	Marketing Assistant	Aivee	70-2279750	Lempira	HNL	diners-club-carte-blanche	30250879998321	70700	F00Z7YZ	Calcium Carbonate
4	Chandler	Mitcheson	cmitcheson3@cbsnews.com	Polygender	Polish	352-46-8277	83.22.153.133	nvY82K	Universidad Autónoma de Bucaramanga	VP Accounting	Quatz	62-5633889	Euro	EUR	jcb	3544943642749574	E8612	0C9V8ZZ	Erythromycin
5	Emmie	Medwell	emedwell4@nhs.uk	Bigender	Assamese	270-03-0002	204.36.146.107	D9WyCFufMO	Jamia Millia Islamia University	Junior Executive	Wordpedia	65-9387881	Yuan Renminbi	CNY	jcb	3569562492094111	9155	02723EZ	Saline
6	Farlee	Carwithan	fcarwithan5@fotki.com	Genderfluid	Catalan	438-50-2967	156.220.245.28	YddwsJ	Pontifcia Universitas a S.Thomas Aquinate in Urbe	Human Resources Assistant IV	Tagpad	21-4138235	Krona	SEK	jcb	3542342670161855	9779	0QU30JZ	Methylprednisolone
7	Robb	Keggin	rkeggin6@wunderground.com	Agender	Chinese	224-96-3324	195.99.225.156	gUjs6vrXjFf	East-Siberian State University	Senior Financial Analyst	Meevee	42-5001835	Euro	EUR	laser	677180630401058566	25033	0DW670Z	Naproxen
8	Dorey	Floodgate	dfloodgate7@sitemeter.com	Female	Gujarati	397-67-5172	34.31.85.165	5ZgXX4BXNVOE	Williams College	Cost Accountant	Katz	17-8647481	Real	BRL	jcb	3556466136499642	1140	04HA0DZ	divalproex sodium
9	Lonnie	Antham	lantham8@ibm.com	Polygender	Guaraní	607-17-7673	92.83.39.8	cmaxRI34ah83	Islamic Azad University, Bandar Abbas	Nurse	Livetube	56-6425767	Naira	NGN	mastercard	5108752279538603	E9621	0WW90JZ	SALICYLIC ACID
10	Kerby	Paige	kpaige9@unicef.org	Non-binary	Malayalam	854-55-1207	205.167.166.13	rsBKpFJNCN	Pusan National University of Education	Account Executive	Ntags	68-0907327	Dollar	ZWL	visa-electron	4917130054009815	9193	06913ZZ	Rhizopus
11	Armand	Haggerwood	ahaggerwooda@quantcast.com	Genderqueer	Thai	602-18-3766	100.103.99.182	hnMp60B	University of Texas Health Center at Tyler	Internal Auditor	Twimm	71-4895327	Real	BRL	jcb	3573841561913458	7234	0N580ZZ	SALICYLIC ACID
12	Elianore	Follet	efolletb@comsenz.com	Non-binary	Norwegian	267-63-3112	22.232.0.224	FNBSF2FP	Police Academy	Chemical Engineer	Fivebridge	53-8608270	Shilling	UGX	jcb	3548747227136230	E9062	CH21YZZ	linezolid
13	Chloris	Bogeys	cbogeysc@time.com	Polygender	Guaraní	889-63-7869	135.65.205.101	dXoskxrnS	King's University College	Account Coordinator	Plajo	60-0076516	Ruble	RUB	jcb	3581056399025298	52430	D917BBZ	CEFTAZIDIME
14	Virginia	McAdam	vmcadamd@loc.gov	Male	Malagasy	326-80-3341	130.69.241.19	QsDewTqzGeE	Pusan National University	Research Associate	Feednation	04-5638490	Yuan Renminbi	CNY	jcb	3548553524145142	71147	02US3KZ	azithromycin dihydrate
15	Wynne	Greenwood	wgreenwoode@zimbio.com	Male	Kyrgyz	754-05-3990	6.29.199.75	7tZVhoq	Yunnan Agriculture University	Community Outreach Specialist	Centimia	81-0916569	Yuan Renminbi	CNY	visa-electron	4508167881292946	01555	0SPF35Z	Titanium dioxide
16	Allayne	Terrazzo	aterrazzof@cornell.edu	Female	Dzongkha	237-81-6526	85.121.119.76	PE6BzvXSNXt	Universidade Autónoma de Lisboa Luís de Camoes	Human Resources Manager	Wordware	20-2861190	Peso	CUP	solo	6334361343998332	20421	0C94XZX	Menthol
17	Rory	Ferrier	rferrierg@ucsd.edu	Agender	Albanian	837-24-8813	252.87.67.182	AKs1bYrnEn	Divine Word College of Legazpi	Analog Circuit Design manager	Vinder	99-2569386	Rupiah	IDR	jcb	3551935106570769	71531	0V910ZX	CELECOXIB
18	Kienan	McGillacoell	kmcgillacoellh@deviantart.com	Genderqueer	Maltese	609-97-4550	107.210.206.71	z1k3jxHc	Westfälische Wilhelms-Universität Münster	Assistant Manager	Npath	02-7863546	Real	BRL	maestro	5020527504969056272	80627	0RPMX0Z	HYDROMORPHONE HYDROCHLORIDE
19	Inez	Capun	icapuni@unblog.fr	Bigender	Luxembourgish	248-41-6380	69.171.167.142	gnv5Ms	Mississippi College	Occupational Therapist	Flipbug	75-1986303	Sol	PEN	mastercard	5010120871918176	8911	02H74DZ	Potassium Chloride
20	Adorne	Fibbitts	afibbittsj@ucoz.com	Female	Swati	150-97-5836	4.153.132.94	AeVlCGmPdrSQ	Shri Mata Vaishno Devi University	Internal Auditor	Shuffledrive	87-4914420	Rupiah	IDR	jcb	3571792059986112	65161	F0DZ2KZ	BENZOCAINE and RESORCINOL
21	Nettie	Holah	nholahk@meetup.com	Male	Moldovan	820-93-6377	212.167.22.135	Cl8sd8WBsB	Plymouth State College	Automation Specialist III	Topicblab	45-4466173	Pound	EGP	mastercard	5007669114451507	94531	0Q844ZZ	Pseudoephedrine HCl
22	Letta	Rignall	lrignalll@ox.ac.uk	Female	Swedish	495-71-0442	15.31.145.248	NJcCIrJms	West Virginia University	VP Quality Control	Browsecat	64-2563365	Ruble	RUB	jcb	3564524346324875	6014	0K8B4ZZ	Glimepiride
23	Myrtle	Tester	mtesterm@irs.gov	Non-binary	Greek	537-46-3340	246.92.30.149	yVr9THvWb	International University of Novi Pazar	Marketing Manager	Fivebridge	60-4213822	Yuan Renminbi	CNY	laser	6706738181511183470	01234	0BU607Z	Clindamycin hydrochloride
24	Judas	Hadwin	jhadwinn@eepurl.com	Female	Malay	638-68-3839	112.20.8.139	hLFIMP	Chongqing Normal University	Information Systems Manager	Livefish	47-8767826	Yuan Renminbi	CNY	jcb	3567403431921944	71698	0DP60MZ	Mesquite
25	Zeb	Berget	zbergeto@netlog.com	Male	Tswana	853-28-0846	20.210.235.38	GGtX12CN0	Université Joseph Fourier (Grenoble I)	Web Developer I	Tagtune	38-8137606	Franc	XOF	jcb	3541736711445105	7867	03HA3DZ	TITANIUM DIOXIDE
26	Ruddy	Leynagh	rleynaghp@nifty.com	Non-binary	Belarusian	474-85-1906	172.99.234.114	ppQYQbZwWIR	Technical University of Cracow	Dental Hygienist	Yombu	07-8748012	Yuan Renminbi	CNY	jcb	3571817612126581	4720	0PN23ZZ	Acetaminophen
27	Nicole	Folshom	nfolshomq@aol.com	Genderqueer	Korean	613-02-8837	136.215.33.103	rCjO4TLVd	Charles R. Drew University of Medicine and Science	VP Quality Control	Skyba	47-9506560	Boliviano	BOB	china-unionpay	561030387008413375	38519	00BB0ZX	Loratadine
28	Bronnie	Boarleyson	bboarleysonr@state.gov	Female	Amharic	428-51-6901	171.47.120.163	vTMUqD33E	Deen Dayal Upadhyay Gorakhpur University	Senior Sales Associate	Linkbridge	97-7553513	Peso	COP	jcb	3561041733169204	E9884	07W	pramipexole dihydrochloride
29	Timi	Whife	twhifes@cbslocal.com	Genderqueer	Yiddish	651-50-0718	122.224.3.128	ns0L37X5	Kyrgyz Russian Slavic University	Product Engineer	Digitube	02-9596597	Euro	EUR	jcb	3559714952568975	E9205	05U107Z	Avobenzone, Homosalate, Octisalate and Octocrylene
30	Rochell	Jeffcoat	rjeffcoatt@google.com.br	Non-binary	Bislama	790-36-2014	177.206.168.244	nnHfec6f	Geneva College	Physical Therapy Assistant	Wikivu	38-6365619	Rupiah	IDR	diners-club-enroute	201803368380584	9495	3E0F8NZ	Doxylamine Succinate and Phenylephrine Hydrochloride
31	Ingeborg	Titta	itittau@apache.org	Polygender	Tswana	683-86-1532	142.225.234.93	NMOKugYb	Western New Mexico University	Senior Quality Engineer	Brainsphere	29-4747437	Yuan Renminbi	CNY	americanexpress	337941089575129	E851	0VSB3ZZ	nicotine polacrilex
32	Lynde	Halegarth	lhalegarthv@unblog.fr	Genderfluid	Malay	353-88-6535	238.148.155.18	Dyj0w3IIJwlZ	Institut Teknologi Bandung	Chemical Engineer	Jetwire	69-5826947	Yuan Renminbi	CNY	maestro	6304761238041357976	73629	00W00MZ	Acetaminophen
33	Klaus	Hucquart	khucquartw@gmpg.org	Genderfluid	Portuguese	833-16-4538	99.5.116.69	MhqVeB	Pontifcia Università Gregoriana	Health Coach IV	Quatz	42-8116947	Dong	VND	diners-club-carte-blanche	30578356300938	V5902	047A3EZ	Octinoxate and Titanium dioxide
34	Cleavland	Copelli	ccopellix@slate.com	Genderfluid	Tswana	562-57-5013	15.16.187.240	65pUmCmvYh	Clark Atlanta University	Administrative Assistant IV	Vimbo	60-9483705	Yuan Renminbi	CNY	visa-electron	4175005545110611	7042	0SWG05Z	Bay Leaf
35	Boote	Edgley	bedgleyy@hexun.com	Agender	Afrikaans	110-40-0282	224.244.113.240	lC7RPpwCE	Université de Savoie	Junior Executive	Demivee	25-0673381	Yuan Renminbi	CNY	diners-club-carte-blanche	30261084605783	4800	3E0Y305	Dextromethorphan HBr and Guiafenesin
36	Woodman	Simak	wsimakz@google.com	Non-binary	German	829-79-4988	220.12.34.67	FQMYOzI	Universidade Federal Rural do Semi-Árido	Social Worker	Ntag	96-6822896	Yuan Renminbi	CNY	americanexpress	372301121182879	2830	05VY4ZZ	Fluconazole
37	Nonie	Klees	nklees10@fastcompany.com	Polygender	Lao	490-87-0255	153.148.144.147	nnyujylmZED	Suleyman Demirel University	Staff Scientist	Roomm	03-3490779	Real	BRL	maestro	6304227717035025	36653	00XK0ZK	Mygale Agaricus
38	Jeffrey	Woolham	jwoolham11@jiathis.com	Genderfluid	Arabic	841-57-6587	57.67.37.202	s4kYEwt	Institut National des Postes et Télécommunications	Pharmacist	Roomm	80-1014696	Peso	PHP	switch	6333758585829292	32732	0XHC41Z	Acetaminophen and Phenylephrine HCl
39	Pietrek	Stoile	pstoile12@sourceforge.net	Male	Malay	318-87-9117	108.185.162.29	GbXHrqExHWC	Torbat Heydarieh University of Medical Sciences	Administrative Officer	Roodel	37-0739828	Krona	SEK	jcb	3536473083990354	36421	DG1197Z	Montelukast Sodium
40	Archambault	McIlriach	amcilriach13@imdb.com	Male	Irish Gaelic	150-02-0493	236.40.82.236	T30w1Cdxo2q	Eckerd College	Desktop Support Technician	JumpXS	04-1918594	Euro	EUR	solo	6767312187300180	83410	0N980ZZ	Olanzapine
41	Nealon	Desbrow	ndesbrow14@amazonaws.com	Genderqueer	Malay	542-79-3658	243.29.45.103	P0yWV9oex	Al-Khair University	Computer Systems Analyst IV	Linklinks	18-0192862	Rupiah	IDR	bankcard	5602229854235286	9122	069Q0ZX	Bryonia alba root, sepia
42	Cari	Ketteman	cketteman15@tripod.com	Genderfluid	Mongolian	213-47-3046	56.249.138.110	QSz39sk	Taipei Physical Education College	Media Manager I	Pixope	83-5017096	Peso	PHP	laser	6709513408100487458	66050	09CL7ZZ	fluorouracil
43	Leia	Ivanishin	livanishin16@aboutads.info	Genderqueer	Bengali	728-80-5514	169.57.107.213	LshHsSw	Arid Agriculture University	Business Systems Development Analyst	Rhynyx	32-1609092	Real	BRL	jcb	3562713395972005	01583	0SH04DZ	Sodium Fluoride
44	Leta	Bresnen	lbresnen17@nifty.com	Male	Māori	371-58-1627	26.92.154.58	rSKXjSWcKI	Universidad La Gran Colombia	Health Coach I	Skyndu	76-4103168	Peso	PHP	jcb	3550586558648891	9712	0PRK37Z	budesonide
45	Blanca	Gregs	bgregs18@prlog.org	Genderqueer	Dzongkha	501-39-9102	93.49.244.99	aET1uy5	Xiamen University	Systems Administrator II	Twitterworks	31-0073253	Ruble	RUB	jcb	3547290247499834	85406	05WYX3Z	Sotalol Hydrochloride
46	Ronald	Matuszyk	rmatuszyk19@github.com	Polygender	Moldovan	125-18-9280	163.72.148.14	EDLp9DVRumFx	China University of Mining Technology - Xuzhou	Staff Scientist	Feedbug	08-5639238	Yen	JPY	jcb	3559959986677199	40400	04RH4JZ	Bay Leaf
47	Bekki	Robberecht	brobberecht1a@arstechnica.com	Male	Tok Pisin	233-35-8602	191.78.53.156	fxzuT61VCs5O	Universidade Regional de Blumenau	Sales Representative	Vinder	37-6310397	Yuan Renminbi	CNY	americanexpress	337941386880107	30422	0FC87ZZ	Rosuvastatin calcium
48	Elli	Roalfe	eroalfe1b@who.int	Genderfluid	Swahili	725-20-9115	60.52.195.242	NIDPKqkerR	Universidad APEC	Assistant Professor	Wikizz	71-7861560	Baht	THB	jcb	3580524074871980	80183	0Q8R4ZZ	Aluminum Chlorohydrate
49	Wernher	McTrustie	wmctrustie1c@redcross.org	Male	Amharic	869-63-6632	107.120.76.233	BqDbM4	Tamil Nadu Agricultural University	Paralegal	Npath	77-7905585	Yuan Renminbi	CNY	diners-club-enroute	201797218780441	1025	0TVD3ZZ	antihemophilic factor/von willebrand factor complex (human)
50	Nadya	Krochmann	nkrochmann1d@marketwatch.com	Genderfluid	Azeri	255-89-6398	196.145.30.72	zZhPsnivW1GI	University of Silesia	Legal Assistant	Dynazzy	54-5497232	Euro	EUR	jcb	3534694359151304	71522	0XJJ4ZZ	Clonazepam
51	Jeniece	Alldis	jalldis1e@pinterest.com	Bigender	Icelandic	798-56-4286	167.101.0.233	BlZyzGRXEO74	Athens State College	Budget/Accounting Analyst I	Kwimbee	43-6863722	Afghani	AFN	mastercard	5048377825378271	81300	0T820ZZ	HYDROXYUREA
52	Rabbi	Whitticks	rwhitticks1f@usgs.gov	Bigender	Aymara	376-42-6563	62.39.155.127	CVsP1nl5	Kentucky State University	Accounting Assistant III	Miboo	22-0649739	Euro	EUR	mastercard	5002351232402960	20283	0UPD87Z	horseradish
53	Nata	Inmett	ninmett1g@mayoclinic.com	Bigender	Belarusian	775-06-7903	22.210.121.201	sFMkjkpz	Global Open University , Nagaland	Senior Cost Accountant	Dabjam	25-1808642	Yuan Renminbi	CNY	americanexpress	337941143766409	71173	10908Z9	Wheat Stem Rust
54	Doro	Troker	dtroker1h@a8.net	Genderqueer	Lao	274-34-0292	121.75.179.202	sFJQshC6W	Marist College	Sales Representative	Roodel	04-4056530	Yuan Renminbi	CNY	solo	6334875278925069	6011	0BW14DZ	Nicotine Polacrilex
55	Reena	Merriman	rmerriman1i@github.io	Female	Estonian	432-02-0616	0.81.33.42	4WKMOxBB7RE	Novosibirsk State Technical University	Research Assistant IV	Twitterbridge	78-6175893	Rupiah	IDR	jcb	3545410670411708	66914	0RNH3ZZ	Aspirin
56	Anallese	Van Ross	avanross1j@state.tx.us	Female	Armenian	535-52-5654	220.249.189.207	gdzrSW147kdL	Omsk State Technical University	Director of Sales	Tazzy	83-7148842	Yuan Renminbi	CNY	mastercard	5389291954777384	27789	089V0ZZ	trametinib
57	Rona	Celand	rceland1k@ucoz.com	Genderqueer	Arabic	513-61-5904	255.78.155.251	jNjyWkQYU	St. Meinrad College	Nurse Practicioner	Youopia	01-4421233	Yuan Renminbi	CNY	maestro	0604529081242943877	75514	04Q03ZZ	Calcium Acetate and Aluminum sulfate
58	Gwynne	Atterley	gatterley1l@ox.ac.uk	Agender	Marathi	782-62-3170	19.61.183.142	Fm4Ek6E7H1PZ	National University	Mechanical Systems Engineer	Jetwire	87-5101068	Pound	SYP	china-unionpay	5602253701670594	85136	3E0H8SF	methylphenidate hydrochloride
59	Berni	Norgan	bnorgan1m@blogger.com	Female	Papiamento	702-97-7397	122.100.8.222	3VUXZppVvjC	American Indian College	VP Marketing	Buzzster	19-9299217	Real	BRL	jcb	3564836269100417	V1021	09WJ47Z	avobenzone, homosalate, octisalate, oxybenzone
60	Gal	Cheers	gcheers1n@ocn.ne.jp	Genderfluid	Malay	505-63-1102	146.173.13.130	17qSyLQudXeF	Bindura University of Science Education	GIS Technical Architect	Quinu	22-1106089	Euro	EUR	jcb	3578370867655469	76405	0T984ZX	Corn Smut
61	Tammie	Anmore	tanmore1o@earthlink.net	Polygender	Greek	437-79-2631	249.57.230.130	4V8pF4Pq	St. Andrew's University	Budget/Accounting Analyst II	Edgepulse	81-4249128	Peso	PHP	jcb	3572927179843160	65404	0N9300Z	Candida Albicans
62	Georgette	Joskowitz	gjoskowitz1p@google.co.jp	Non-binary	Montenegrin	541-64-6958	95.61.192.97	UQDYaTB6r	Tokyo Kasei University	Junior Executive	InnoZ	31-0024887	Pound	SYP	diners-club-carte-blanche	30252840193701	1451	0MXV0ZZ	Oxazepam
63	Sonny	Fearnall	sfearnall1q@home.pl	Agender	Albanian	101-84-2920	158.138.148.100	Q1ISBXEH	Damanhour University	Compensation Analyst	Thoughtbeat	57-2305018	Yuan Renminbi	CNY	jcb	3531502472354486	76529	06R707Z	Celecoxib
64	Damien	Tesh	dtesh1r@devhub.com	Genderqueer	Hiri Motu	615-38-8083	231.45.239.69	0oS9glQ3X	Mae Fah Luang University 	Physical Therapy Assistant	Edgepulse	05-5180577	Ruble	RUB	instapayment	6377234635479196	E9506	039J4ZX	Bismuth Subsalycilate
65	Sibylle	Gleader	sgleader1s@g.co	Agender	Indonesian	589-30-4120	24.63.49.139	mT7tcpDzGw	Kwararafa University	Payment Adjustment Coordinator	Skynoodle	48-3162185	Peso	PHP	diners-club-enroute	201598481892636	04142	09TF8ZZ	Olanzapine
66	Gavra	Wilkisson	gwilkisson1t@amazon.co.uk	Male	Tajik	249-36-6197	143.121.218.200	dN2eNJXqfPl	National Technical University of Athens	VP Accounting	Jamia	39-0748761	Rupiah	IDR	jcb	3545343884223421	74362	0RUV4KZ	Candida albicans
67	Karin	Marmion	kmarmion1u@opensource.org	Genderqueer	Malagasy	622-17-2232	139.83.52.210	euHGRG	Damascus University	Programmer Analyst III	Skibox	59-4906571	Euro	EUR	jcb	3568563023862993	25092	027Q3DZ	Uricum acidum, Benzoicum acidum, Berber. vulg., Bryonia, Cantharis, Carduus benedictus, Ceanothus, Chelidonium majus, Chionanthus virginica, Cinchona, Dioscorea, Dolichos, Iris versicolor, Juniperus com., Nux vom., Ptelea, Taraxacum, Carduus mar., Cynara scolymus, Solidago
68	Engracia	Gunny	egunny1v@wix.com	Agender	Albanian	663-08-0963	122.86.133.184	SiWgH6q1rXe	Universitas Sanata Dharma	VP Quality Control	Gabspot	63-7383153	Euro	EUR	switch	490515963223163791	29011	0WCD4ZZ	Felodipine
69	Gan	Sarton	gsarton1w@twitpic.com	Polygender	Belarusian	139-75-9431	255.138.100.68	LJRuF8VJgU4	Karlshochschule International University	Senior Cost Accountant	Rhyzio	01-7006786	Yuan Renminbi	CNY	jcb	3531013680897407	71659	0RH148Z	Diphenhydramine HCl
70	Lilli	Tarling	ltarling1x@fc2.com	Male	Sotho	589-62-0234	2.171.134.219	UBdMqUS	University of Utah	VP Marketing	Photobug	07-1740813	Baht	THB	diners-club-enroute	201432956149811	53130	0PU33KZ	Fluocinonide
71	Hashim	How to preserve	hhowtopreserve1y@yellowpages.com	Male	Papiamento	288-99-6611	82.84.118.216	sehplNWDLvhR	Liaoning University	Executive Secretary	Tanoodle	76-4058916	Yuan Renminbi	CNY	americanexpress	337941805759429	7519	0N8N3ZZ	White Poplar
72	Dennet	Fife	dfife1z@ftc.gov	Polygender	Icelandic	126-78-8813	99.38.118.18	OL6fZY561	Alaska Pacific University	Staff Scientist	Aimbo	10-5303258	Afghani	AFN	switch	6331107433502069	30443	D7Y8FZZ	Glipizide
73	Thomasina	Jerome	tjerome20@de.vu	Non-binary	Azeri	860-48-9436	200.169.179.40	SjnPAy2Er	New York Law School	VP Accounting	Youspan	17-5598309	Ruble	RUB	mastercard	5007661929314723	0621	GZJ	Salicylic Acid
74	Collie	Muggleston	cmuggleston21@quantcast.com	Genderqueer	Portuguese	829-36-1919	212.55.111.234	7j6yCHL38IoW	Universität Augsburg	Accounting Assistant I	Quire	98-7890969	Peso	PHP	jcb	3561359821457079	V371	0UCLXZZ	PredniSONE
75	Tabbie	Veel	tveel22@redcross.org	Non-binary	Marathi	659-27-4580	213.146.102.97	Lym8Rx	Schiller International University, London	Help Desk Technician	Brainsphere	32-1177672	Dinar	TND	jcb	3536984343534766	0907	0TWD73Z	Tizanidine
76	Dollie	Spadeck	dspadeck23@multiply.com	Female	Lithuanian	763-36-4944	82.247.252.50	93EF7aH2XRZJ	Southern Vermont College	Software Engineer III	Linklinks	11-2622265	Ringgit	MYR	americanexpress	372301539890337	0794	0WPM0YZ	Lamotrigine
77	Luelle	Cooper	lcooper24@yolasite.com	Bigender	Bulgarian	373-83-8949	64.170.191.74	Kseaf4LbF	University of Trento	VP Quality Control	Oyope	55-4386061	Euro	EUR	solo	6334679694896901029	36203	XR2G021	allopurinol
78	Liliane	Drillingcourt	ldrillingcourt25@ning.com	Female	Malayalam	569-64-4632	120.31.120.204	1u5bEb	European Management School	Software Test Engineer II	Browsedrive	90-6234553	Dinar	RSD	laser	6709212132850289922	29611	04U00KZ	Pentoxifylline
79	Gavin	Di Francesco	gdifrancesco26@surveymonkey.com	Genderfluid	Quechua	428-48-5785	240.92.160.251	qUuk1e	Mercer University, Cecil B. Day Campus	Media Manager I	Jaxworks	80-4401984	Sol	PEN	china-unionpay	560225860236343959	09321	0Q833ZZ	BENZALKONIUM CHLORIDE
80	Adelaida	Girardy	agirardy27@buzzfeed.com	Agender	Yiddish	540-93-4435	157.227.161.1	g4PRLogyHf	University of Sindh	Help Desk Operator	Photolist	54-4555042	Yuan Renminbi	CNY	americanexpress	374288881197932	98983	0HHX7NZ	SODIUM CHLORIDE
81	Sarge	Rummery	srummery28@com.com	Genderqueer	Swahili	278-73-7474	98.22.96.128	LhVyClPzGWv	California Maritime Academy	Associate Professor	Jabbercube	80-4366450	Rand	ZAR	china-unionpay	56105468071623784	4532	10A03ZZ	Phenytoin Sodium
82	Sydelle	Marcussen	smarcussen29@github.io	Non-binary	Lithuanian	878-39-7130	138.52.62.154	zuMHZkt	St. Marianna University School of Medicine	Junior Executive	Wikizz	49-4382906	Peso	UYU	jcb	3541156675789465	57511	0QCP4ZZ	azithromycin monohydrate
83	Yankee	Lyst	ylyst2a@google.pl	Polygender	Montenegrin	571-26-9357	80.142.0.36	3DtV7UalmwPg	Westmont College	Senior Financial Analyst	Voonix	58-6922797	Krona	SEK	maestro	67629495971940855	83971	9WB9XKZ	Treatment Set TS349575
84	Davine	Hailes	dhailes2b@nasa.gov	Genderfluid	Hungarian	206-87-5383	64.123.91.164	BAaXrdxcj	California School of Professional Psychology - Berkley/Alameda	Safety Technician II	Thoughtworks	69-1564209	Zloty	PLN	visa-electron	4405894506425957	82341	079H4ZZ	temazepam
85	Jeremias	Pfeiffer	jpfeiffer2c@examiner.com	Genderfluid	German	809-54-2768	160.165.74.32	IR5JUO	Univesidade Agostinho Neto	Structural Analysis Engineer	Livetube	38-5366005	Peso	CUP	jcb	3569407560941761	78966	059Q0ZZ	Verapamil Hydrochloride
86	Ashlie	Byne	abyne2d@apache.org	Genderqueer	Greek	701-82-2878	15.4.9.174	YfIKXXjAlV	Toyama University	Safety Technician III	Feedbug	76-1103108	Franc	XAF	jcb	3565438103762020	V1589	0QP207Z	Walnut, Black Juglans nigra
87	Ruperto	Tanzer	rtanzer2e@fema.gov	Male	Tswana	624-87-9928	2.150.193.222	ejgSDJ6	University of Nijenrode	Legal Assistant	Zoomdog	88-6410780	Peso	PHP	china-unionpay	5602223017092236630	9607	099Q3ZX	SULFACETAMIDE SODIUM, SULFUR
88	Johnathan	Sebright	jsebright2f@technorati.com	Genderqueer	Portuguese	387-86-2309	141.198.3.105	5lS5u8hjDM	Ithaca College	Financial Advisor	Yombu	43-4177131	Koruna	CZK	diners-club-carte-blanche	30078667144372	01393	0BH13EZ	hypromellose
89	Raychel	Lippitt	rlippitt2g@macromedia.com	Non-binary	Swati	391-63-5823	110.185.246.22	fnQav7xZxX8	University of La Verne	Assistant Media Planner	Realcube	41-0507835	Rupiah	IDR	maestro	589388721844091483	71841	BF11YZZ	GLYCINE
90	Shaine	Aers	saers2h@toplist.cz	Female	Tajik	683-58-7988	147.79.132.185	3lLtf9yI47om	University of Kordofan	VP Sales	Fatz	47-6786646	Yuan Renminbi	CNY	diners-club-carte-blanche	30165524526576	31222	F08F5UZ	TITANIUM DIOXIDE, OCTINOXATE, OCTISALATE, ZINC OXIDE
91	Wyndham	McQuillan	wmcquillan2i@cnbc.com	Genderfluid	Sotho	876-35-8091	39.138.20.253	4zl6avl7RkpL	Columbus University	Senior Cost Accountant	Nlounge	51-9543809	Ruble	RUB	maestro	502097530860811434	3099	0MD03ZZ	Guaifenesin
92	Cecilius	Besant	cbesant2j@gravatar.com	Bigender	Dari	492-79-0428	216.209.242.50	T2RCzMK9or	Université Omar Bongo	Pharmacist	Roombo	65-3196579	Real	BRL	jcb	3540260137239613	99709	09RM0JZ	Isopropyl Alcohol
93	Lauren	Whitcher	lwhitcher2k@usnews.com	Male	New Zealand Sign Language	550-04-1118	66.106.233.117	SWFX9vLES	Bloomsburg University of Pennsylvania	Recruiting Manager	Reallinks	87-9909715	Peso	PHP	visa-electron	4844109303732011	99639	05DC0ZZ	PYRITHIONE ZINC
94	Leisha	Berndtsson	lberndtsson2l@jalbum.net	Female	Lao	609-91-6377	223.166.121.207	OKzWzi0kLrHv	Agder University College	Geological Engineer	Twimm	84-2652558	Ruble	RUB	solo	6767331510998211326	9911	02120Z8	nicotine
95	Joleen	Southerton	jsoutherton2m@amazonaws.com	Male	Ndebele	826-63-8306	254.193.234.171	AfVLixpzb	Montclair State University	Senior Cost Accountant	Bubbletube	84-1652145	Rupiah	IDR	jcb	3554493237876264	30470	0SPFX3Z	Acetaminophen, Dextromethorphan Hydrobromide, Phenylephrine Hydrochloride
96	Chelsy	MacCrackan	cmaccrackan2n@webeden.co.uk	Genderqueer	Kyrgyz	619-90-6278	38.94.195.254	oMtiYZmEn	LSB College	Compensation Analyst	Kwideo	55-7555824	Dinar	TND	china-unionpay	5602250824312773	E9818	0FWG00Z	Atorvastatin Calcium
97	Moira	Nolot	mnolot2o@google.co.uk	Agender	Punjabi	399-75-9542	167.216.51.145	508DrSpdLw1	Union College	Chief Design Engineer	Quinu	07-9552319	Dollar	AUD	diners-club-carte-blanche	30064290777093	01715	0479456	Triclosan
98	Felizio	Luigi	fluigi2p@oaic.gov.au	Male	Romanian	232-41-0420	6.158.162.45	5cAGEIaAaZpM	Insituto Universitario - Centro Latinoamericano de Economia Humana - IU Claeh	Electrical Engineer	Linktype	77-0768041	Peso	PHP	jcb	3587226023763192	V759	02170KS	Anticoagulant Citrate Phosphate Dextrose (CPD) Solution and ADSOL Preservation Solution
99	Merline	Douch	mdouch2q@chron.com	Genderfluid	Latvian	167-49-0395	96.248.62.85	oAEeHs0YATB	Ohio State University - Newark	Recruiting Manager	Oyoba	02-1897044	Peso	PHP	mastercard	5541976760895306	04523	0QPK45Z	triamcinolone acetonide
100	Theo	Rowlstone	trowlstone2r@elegantthemes.com	Bigender	West Frisian	524-45-9937	254.201.225.38	rWAiTVXQna	University of Baghdad	Recruiting Manager	Flashdog	59-6220735	Yuan Renminbi	CNY	china-unionpay	5602214632124219304	8441	0FPD03Z	NITROGEN
101	Taffy	Woollends	twoollends2s@zimbio.com	Agender	Japanese	180-83-6727	141.49.95.210	APJOLds1MPJ	Universitat de Vic	Safety Technician IV	Meezzy	38-2279733	Rupiah	IDR	jcb	3535705050809971	3542	051T0JY	Potassium Chloride
102	Lainey	Fairhurst	lfairhurst2t@dropbox.com	Genderqueer	Hebrew	431-86-8887	164.19.206.54	Y0E11O	Kawamura Gakuen Woman's University	Electrical Engineer	Divanoodle	20-4247786	Zloty	PLN	switch	4903083063208561	24990	0RQB0ZZ	Betaxolol
103	Payton	Pestridge	ppestridge2u@huffingtonpost.com	Genderqueer	Dari	685-87-2115	36.117.19.134	KQ8VIXknfOwv	Seonam University	Senior Financial Analyst	Brainsphere	11-0793341	Quetzal	GTQ	visa-electron	4844612977256431	38870	BH48ZZZ	Lisinopril
104	Morganne	Mould	mmould2v@aol.com	Male	Thai	606-12-3307	206.98.250.111	07yCXm	University of Delhi	Structural Engineer	Jetpulse	69-7690678	Yen	JPY	jcb	3581941250905318	9352	0F154D9	AMLODIPINE BESYLATE
105	Eloisa	Oakeshott	eoakeshott2w@com.com	Genderqueer	Kashmiri	477-39-9311	68.2.71.59	9NAMiEXP	Kafr El-Sheikh University	Registered Nurse	Ntag	79-8308437	Bolivar	VEF	visa	4041598618247	72704	0Q9M40Z	PYRITHIONE ZINC
106	Shelley	Marler	smarler2x@loc.gov	Bigender	Ndebele	259-59-2602	198.105.9.39	TrmyBgXb	Chaopraya University 	Paralegal	Kwinu	73-8095903	Rand	ZAR	mastercard	5002355964977800	2718	0DLQ0CZ	atorvastatin calcium
107	Julina	Bowerman	jbowerman2y@wordpress.org	Female	Lithuanian	800-75-8170	153.244.123.98	ahMPVB	University of Cincinnati	Dental Hygienist	Jaloo	00-3642075	Peso	PHP	jcb	3584937566516531	2399	047K4FZ	Aluminum Chloride
108	Dot	Graves	dgraves2z@is.gd	Genderqueer	Sotho	799-36-6977	217.75.225.122	42M2RDli	Virgen Milagrosa University Foundation	Marketing Manager	Roombo	99-4401626	Yuan Renminbi	CNY	maestro	06044224763742955	64981	037A0GZ	Chlophedional Hydrochloride, Chlorcyclizine Hydrochloride, Pseudoephedrine Hydrochloride
109	Michelle	Rizziello	mrizziello30@youtube.com	Female	Punjabi	740-68-5241	133.0.15.56	2yvPKlCn	Brewton-Parker College	Biostatistician I	Meetz	91-1231949	Ruble	RUB	jcb	3566784588680198	20064	0P8B4ZZ	Triclosan
110	Merla	Feeham	mfeeham31@posterous.com	Agender	Lithuanian	871-34-7828	217.207.4.248	XRa3YvYye7bW	University of the West of England, Bristol	Actuary	Tagchat	05-9380670	Lev	BGN	maestro	67614200505198997	86112	037146Z	ROPINIROLE HYDROCHLORIDE
111	Ezequiel	Portingale	eportingale32@omniture.com	Agender	Tetum	219-80-6515	91.14.164.199	OmMJFVy	Hubei University	Operator	Dabfeed	82-8872845	Shekel	ILS	americanexpress	373238902162929	8056	03VH4BZ	levothyroxine sodium
112	Ruddie	Bunting	rbunting33@sciencedirect.com	Male	Malay	449-12-9156	106.101.10.147	GkKByet	Adamawa State University	Systems Administrator II	Zoomdog	87-3391786	Yuan Renminbi	CNY	maestro	67617719670079457	9592	0JXN0ZZ	Potassium Chloride
113	Clim	Gildroy	cgildroy34@tuttocitta.it	Female	Portuguese	821-91-4593	178.45.224.159	8UjGFZ3WGy	Central Police University	Compensation Analyst	Vidoo	22-1119991	Rial	IRR	americanexpress	374283945704690	V562	0JRG07Z	hydrocortisone acetate and pramoxine hydrochloride
114	Ingamar	Pyecroft	ipyecroft35@gmpg.org	Genderqueer	Swedish	241-91-7680	45.153.197.10	YdY5wlpUh8g	Ohka Gakuen University	Actuary	Latz	38-3126995	Koruna	CZK	jcb	3555537763762386	80032	DD1299Z	ALUMINUM CHLOROHYDRATE
115	Micheil	Mullen	mmullen36@yellowpages.com	Non-binary	Filipino	579-57-3436	96.140.224.89	VeyfUElEfd	Stillman College	VP Marketing	Twimbo	62-0970114	Yuan Renminbi	CNY	laser	67719187435531740	01595	3E060RZ	Losartan Potassium
116	Janie	Grob	jgrob37@google.ru	Agender	Māori	776-72-2006	197.223.223.19	5xuOqP	Allen University	Executive Secretary	Bluejam	11-0866527	Rupiah	IDR	jcb	3584619904498404	3558	0DL74DZ	finasteride
117	Biddy	Sleight	bsleight38@constantcontact.com	Female	Kazakh	357-83-2089	252.68.38.170	hk1KhzhUT	South Bank University	Product Engineer	Bluezoom	31-2759237	Naira	NGN	maestro	589311992184656720	53231	0DSM4ZZ	Triclosan
118	Leoline	Laight	llaight39@reference.com	Polygender	Papiamento	161-60-0070	205.41.124.101	892ecga	Aichi Prefectural University of Fine Arts & Music	Legal Assistant	Podcat	03-6220569	Rupiah	IDR	maestro	63048009627053641	E0134	B54LZZZ	TERBUTALINE SULFATE
119	Marketa	Gullane	mgullane3a@shareasale.com	Agender	Polish	819-36-8120	168.96.1.81	KTjPQ24bRJV	Hillsdale College	Junior Executive	Youopia	10-5139144	Real	BRL	visa-electron	4405384775140206	7385	0UNC0ZZ	docusate sodium and sennosides
120	Ros	Ivkovic	rivkovic3b@sourceforge.net	Genderfluid	Arabic	691-83-1930	99.42.240.77	u0eFXFVGnGxL	The CTL Eurocollege	General Manager	Kwideo	52-9663015	Rupiah	IDR	jcb	3549892717203089	1980	06BD0ZZ	Titanium Dioxide, Zinc Oxide
121	Hersch	Gittins	hgittins3c@vimeo.com	Genderfluid	Arabic	562-39-2943	131.61.27.121	EMIUZ2vQQJhO	University of Pittsburgh at Bradford	Computer Systems Analyst I	Tanoodle	93-8937625	Naira	NGN	jcb	3584175157209741	53510	0LM	TITANIUM DIOXIDE, ZINC OXIDE
122	Vilma	Basili	vbasili3d@weibo.com	Bigender	Tamil	592-97-5710	138.154.60.169	kE3vvuL	Yonsei University	Chief Design Engineer	Shuffledrive	58-6597026	Ruble	RUB	jcb	3554525365318096	V054	05SS4ZZ	Isosorbide Dinitrate
123	Corie	Sculley	csculley3e@usnews.com	Non-binary	New Zealand Sign Language	131-04-0118	237.135.109.110	pyn6kUbdbU	Taipei Municipal Teachers College	Statistician II	Kare	92-7906628	Dinar	RSD	jcb	3547260521762694	66994	0F9F3ZZ	metronidazole
124	Inger	Hucknall	ihucknall3f@cornell.edu	Genderqueer	Hiri Motu	619-62-8116	20.225.100.75	nVOx8ae868	Yaroslavl State Theatre Institute	Operator	Mydeo	56-9070066	Yuan Renminbi	CNY	laser	6706630290608932	5227	BR17ZZZ	TITANIUM DIOXIDE, OCTINOXATE, ZINC OXIDE
125	Kelbee	Kenaway	kkenaway3g@archive.org	Polygender	Danish	550-70-1081	37.120.28.99	0v0znzpY	Université Victor Segalen (Bordeaux II)	Professor	Jabbercube	46-5167492	Ruble	BYR	diners-club-enroute	201653293720267	37160	047S356	Morphine sulfate
126	Hunfredo	Dickey	hdickey3h@howstuffworks.com	Non-binary	Malayalam	794-44-3233	66.171.105.154	jQ6KRa	Universidad Autónoma Metropolitana - Azcapotzalco	GIS Technical Architect	Centizu	76-5244119	Krona	SEK	china-unionpay	5610603462298508	V4509	0BND4ZZ	rosiglitazone maleate and metformin hydrochloride
127	Eba	Dewen	edewen3i@free.fr	Male	Finnish	359-26-0216	108.176.9.157	BjxtSFC	Gangdara Institute Of Science & Technology	Graphic Designer	Plajo	02-9907931	Euro	EUR	mastercard	5048376570917648	20204	0W1J4JJ	Acetaminophen, Dextromethorphan HBr, Phenylephrine HCl
128	Devon	Buffham	dbuffham3j@wikispaces.com	Non-binary	Guaraní	269-17-2520	117.58.220.109	Zy3v97	University of Oslo	Media Manager II	Twiyo	69-5319922	Euro	EUR	americanexpress	374622000934876	6264	04L94ZZ	amlodipine besylate and atorvastatin calcium
129	Germayne	Ubsdell	gubsdell3k@nationalgeographic.com	Polygender	Greek	830-60-6973	173.16.86.92	ofFAfCX	Universitas Nasional Jakarta	Teacher	Realblab	68-8395075	Rupiah	IDR	diners-club-carte-blanche	30307206027024	7318	02US47Z	Stavudine
130	Rodd	Laurenson	rlaurenson3l@boston.com	Bigender	Thai	124-90-6853	42.194.140.242	0jw6MHXwo6	Islamic Azad University, Shahryar	Assistant Professor	Centimia	78-0968961	Euro	EUR	jcb	3559484265518618	0230	D9Y5FZZ	ONDANSETRON
131	Lazare	Beauchop	lbeauchop3m@engadget.com	Polygender	Greek	297-49-6090	93.62.163.52	Ho57ZXZH	Case Western Reserve University	Mechanical Systems Engineer	Photofeed	82-5353718	Lempira	HNL	jcb	3569758197390495	3839	08H031Z	polysorbate 80
132	Talia	Longmate	tlongmate3n@cpanel.net	Female	Punjabi	245-28-6353	98.32.155.153	55yX22EUi	Hunan Agricultural University	Electrical Engineer	Linkbuzz	29-0972933	Euro	EUR	jcb	3575434242402154	37822	0RPWX5Z	ZINC OXIDE
133	Melicent	Grainger	mgrainger3o@cnet.com	Genderfluid	Burmese	517-14-2246	12.35.221.13	AcgMYfXNC91	Chinju National University	Civil Engineer	Edgeify	12-0975032	Krona	SEK	maestro	6759585037626481899	71132	02UD4KZ	Haloperidol
134	Del	Hutchason	dhutchason3p@ocn.ne.jp	Agender	Haitian Creole	551-29-3476	96.121.83.179	3PHazdp0kRh	Southern College of Optometry	Product Engineer	Agivu	05-7502007	Rupiah	IDR	switch	5641824714968580	29514	06BD0ZX	ACETAMINOPHEN AND CHLORPHENIRAMINE MALEATE
135	Courtenay	Drinkall	cdrinkall3q@slideshare.net	Non-binary	Portuguese	202-60-9477	40.131.143.137	ichmwi3	Universidad Americana	Operator	Thoughtbeat	85-8391338	Euro	EUR	mastercard	5048372258055199	1706	05963ZX	ACETAMINOPHEN, DEXTROMETHORPHAN HYDROBROMIDE, DOXYLAMINE SUCCINATE, and PHENYLEPHRINE HYDROCHLORIDE
136	Carmel	Di Lucia	cdilucia3r@gizmodo.com	Agender	Kyrgyz	140-96-1372	2.50.47.188	6I3NDl	Universidad de La Sabana	Assistant Professor	Jayo	34-1591732	Taka	BDT	diners-club-enroute	201862338820491	37542	05U04KZ	Avobenzone, Octinoxate, Octisalate, Oxybenzone
137	Bearnard	Corriea	bcorriea3s@issuu.com	Agender	Czech	243-15-2288	151.34.103.23	6jF1B0	Umutara Polytechnic	Environmental Tech	Skimia	75-0925116	Won	KRW	diners-club-enroute	201403076540338	85111	05V04ZZ	carbidopa and levodopa
138	Zabrina	Duffield	zduffield3t@yale.edu	Polygender	Malay	831-47-8113	15.3.245.236	EQnrSTZs6Gf	University of Cincinnati	Electrical Engineer	Twinte	56-9860414	Dollar	NAD	jcb	3565700772082521	29611	0RWSXJZ	Mirtazapine
139	Amanda	Stambridge	astambridge3u@merriam-webster.com	Agender	Armenian	636-59-7656	35.45.49.211	UZBb6MJqo5sA	South Valley University	Junior Executive	Pixonyx	95-7601158	Krona	SEK	jcb	3536182464980989	44772	BU110ZZ	Naproxen
140	Trudie	Inskipp	tinskipp3v@cdc.gov	Genderfluid	Japanese	198-32-3446	247.96.0.79	pBcFMwfG9KH	Université Mohammed V - Agdal	Administrative Assistant II	Reallinks	30-7297987	Rupiah	IDR	americanexpress	372301419652930	80466	F13Z32Z	Sulfamethoxazole and Trimethoprim
141	Fielding	Bletso	fbletso3w@flickr.com	Agender	Fijian	627-18-8467	164.167.97.65	oDHq36C	Technological Education Institute of Larissa	Accounting Assistant II	Brainbox	35-1854182	Zloty	PLN	jcb	3561373568482794	38053	0KU94KZ	Atenolol
142	Babs	Pidon	bpidon3x@mediafire.com	Female	Estonian	639-73-2377	183.126.140.19	OgupDlFE	Art Institute of Southern California	Office Assistant I	Brainverse	36-8226369	Rupiah	IDR	bankcard	5602249274140346	3688	0NNV4ZZ	acetaminophen and codeine phosphate
143	Kilian	Angrock	kangrock3y@ow.ly	Genderqueer	English	367-10-4012	146.202.207.183	MB2BjFYq	Sadat Institute of Higher Education	Senior Developer	Jamia	54-4719655	Ringgit	MYR	jcb	3563851576660574	74769	0KBV0ZZ	Titanium dioxide
144	Ambrosi	le Keux	alekeux3z@vinaora.com	Bigender	Oriya	477-33-9508	152.253.189.125	zN0mohO9S	St. Matthews University	GIS Technical Architect	Oyoba	41-2347359	Rupiah	IDR	diners-club-enroute	201666225297535	86410	0SG03K1	Undecylenic acid, Triclosan
145	Bennie	Sayton	bsayton40@exblog.jp	Genderqueer	Swedish	455-71-5391	153.68.93.162	llOSRVnsq1	Jiaying University	Civil Engineer	Fiveclub	24-9073889	Yuan Renminbi	CNY	jcb	3552021270636782	20691	0V9P0ZZ	Diltiazem Hydrochloride
146	Barb	Raulston	braulston41@blogger.com	Non-binary	Quechua	169-91-8289	153.246.185.176	M5aBOp	St.Kliment Ohridski University	Marketing Manager	Myworks	58-8243272	Krona	SEK	switch	6759736639626893	E8141	0212489	Titanium dioxide and Zinc oxide
147	Emmaline	Winwright	ewinwright42@google.de	Genderfluid	Bosnian	720-03-5619	240.37.140.223	USGoNJ	Thomas More College of Liberal Arts	Professor	Centimia	63-7541588	Dollar	USD	jcb	3585674760945765	0416	F02ZBYZ	Radish
148	Petronille	Kenworth	pkenworth43@vimeo.com	Female	English	594-17-4585	246.103.229.155	bAqytx	Universidad Católica de Occidente	Staff Scientist	Viva	55-4796083	Zloty	PLN	jcb	3575312503249136	1149	0DPD40Z	Benzoyl Peroxide
149	Marrissa	Alderman	malderman44@xrea.com	Genderfluid	Punjabi	481-98-0970	125.225.74.185	ny1L4Y	Bishop's University	Recruiting Manager	Oozz	29-6569018	Dollar	USD	china-unionpay	5602234375121445	77086	047N4DZ	Acetaminophen
150	Carlee	Columbell	ccolumbell45@shutterfly.com	Male	Tetum	279-59-6456	200.121.98.249	GQsejzdGk	Vinoba Bhave University	Human Resources Manager	Kamba	09-1631488	Yuan Renminbi	CNY	instapayment	6397492110310106	72690	0SUC3JZ	Triclosan
151	Lind	Boshere	lboshere46@tripadvisor.com	Polygender	Greek	690-27-1252	134.255.235.68	74uDDsroBFzh	Hannibal-Lagrange College	Analyst Programmer	Oyoyo	19-1444876	Euro	EUR	maestro	675945978620045983	7602	06L24DZ	dofetilide
152	Carolann	Sadler	csadler47@yellowbook.com	Male	Portuguese	202-16-0051	98.77.188.79	TEImVZnnzrx	Technical University of Sofia	Senior Developer	Zava	51-0874542	Yuan Renminbi	CNY	visa	4041371692717935	71828	0P9G3ZZ	Topotecan hydrochloride
153	Sibilla	Matiasek	smatiasek48@trellian.com	Polygender	Afrikaans	534-94-2582	222.128.109.139	eCwLWAkDW	Universidad Don Bosco	Senior Cost Accountant	Aibox	10-1762111	Yuan Renminbi	CNY	jcb	3562576481078734	1642	047S446	Petrolatum
154	Zed	Anniwell	zanniwell49@netvibes.com	Genderqueer	Irish Gaelic	735-80-7258	239.224.200.185	8lZC1MpoEL	Ningbo University of Technology	Developer II	Skinte	24-3839063	Peso	PHP	bankcard	5602232401354642	V2629	03784FZ	estradiol and norethindrone acetate
155	Constantine	Mattock	cmattock4a@fastcompany.com	Female	Spanish	469-76-1125	208.117.134.39	4REISE	Minia University	Automation Specialist II	Topicware	61-5724877	Kuna	HRK	maestro	6763833038710271	38322	0TB74ZZ	Alcohol
156	Etheline	Balma	ebalma4b@gmpg.org	Genderqueer	Montenegrin	567-70-8428	189.32.185.84	wD7Dui6Ht	Lagos State University	Analog Circuit Design manager	Realbridge	40-2592995	Rupiah	IDR	mastercard	5108756056025692	V1001	06RF0KZ	Isopropyl Alcohol
157	Christal	Assard	cassard4c@mozilla.org	Polygender	Finnish	244-90-2101	90.213.99.34	HOJhrElyhs	Barkatullah University	Media Manager II	Centimia	90-1947292	Rupiah	IDR	jcb	3577557617027137	8442	059R40Z	acetaminophen, dextromethorphan hydrobromide, guaifenesin, and phenylephrine hydrochloride
158	Dorris	Trowsdall	dtrowsdall4d@tiny.cc	Bigender	Gagauz	662-98-0650	25.200.222.59	qkLBIwi8ih	Universidad Nacional de Guinea Ecuatorial	Physical Therapy Assistant	Quinu	68-3723976	Quetzal	GTQ	switch	5641828674481727962	V1321	F07M1ZZ	Lanolin, Petrolatum
159	Marlyn	Muriel	mmuriel4e@ustream.tv	Genderqueer	Assamese	549-95-7833	241.245.189.74	zNGsRlnv4T	Tallinn University of Technology	Occupational Therapist	Twinte	31-9153061	Shekel	ILS	maestro	50201517650477248	3749	00WU33Z	Buspirone Hydrochloride
160	Mickie	McCloid	mmccloid4f@instagram.com	Non-binary	Tajik	714-93-0399	17.72.194.15	SQdcRK	Nicola Valley Institute of Technology	Associate Professor	Eayo	80-7163567	Hryvnia	UAH	china-unionpay	5602252376046911191	01714	0TWD7DZ	TOXICODENDRON PUBESCENS LEAF
161	Burtie	Lebourn	blebourn4g@telegraph.co.uk	Male	Dhivehi	254-90-0465	23.120.165.15	ZATYyQtyvMF	Toyo Eiwa Women's University	Programmer III	Vidoo	95-4715210	Peso	ARS	jcb	3550640269390531	65173	0H5X8ZZ	Chlorpheniramine Maleate
162	Boy	Autie	bautie4h@nature.com	Agender	Irish Gaelic	118-20-3497	72.48.70.239	l6fEdK	Western State University College of Law - Orange County	Assistant Manager	Avamba	53-1885921	Euro	EUR	jcb	3552010422562350	30753	0SGD3ZZ	mineral oil, petrolatum, phenylephrine HCl
163	Franchot	Weedenburg	fweedenburg4i@apple.com	Female	Assamese	646-87-5894	180.221.172.105	LUhMtYcWoiD	Sylhet International University	GIS Technical Architect	Devpoint	19-1804754	Rupee	PKR	jcb	3545450939803659	V1507	0L9J3ZX	Acetaminophen, Phenylephrine HCl, Dextromethorphan HBr and Guiafenesin
164	Sheff	Monaghan	smonaghan4j@taobao.com	Agender	Norwegian	870-33-8997	162.198.136.179	aVQbUvH	University of Seychelles - American Institute of Medicine	Automation Specialist III	Livetube	48-2972260	Euro	EUR	diners-club-enroute	201848517135934	29981	BR06ZZZ	Chelidonium majus, Echinacea, Gentiana lutea, Arsenicum album, Carbo vegetalilis, Lycopodium clavatum, Nux vomica, Phosphorus, Pulsatilla,
165	Sonya	Warbys	swarbys4k@4shared.com	Female	Czech	412-23-9659	193.77.6.215	hPh2NWMj563f	Volgograd State University	Compensation Analyst	Dabfeed	61-3154614	Yuan Renminbi	CNY	jcb	3548024215506802	E9854	0Y094JZ	norethindrone acetate/ethinyl estradiol
166	Nolie	Cannings	ncannings4l@tumblr.com	Genderfluid	Tok Pisin	542-45-8434	241.248.252.89	v62rVYSTfzt	American University in Bulgaria	Assistant Professor	Realfire	88-8396175	Dinar	RSD	jcb	3572737755142964	1341	3E0F7TZ	CLOSTRIDIUM TETANI TOXOID ANTIGEN (FORMALDEHYDE INACTIVATED)
167	Anjanette	Minkin	aminkin4m@bandcamp.com	Polygender	Korean	790-35-1524	85.148.145.221	NjuawETwteQ	Centro Universitário Monte Serrat	Recruiting Manager	Linklinks	36-9529240	Baht	THB	visa-electron	4844712668845037	7686	0TQ00ZZ	Titanium Dioxide
168	Allistir	Budden	abudden4n@ocn.ne.jp	Genderqueer	Lithuanian	326-09-3041	231.129.166.50	THpMkgRP	Institute Of Technology, Australia	Senior Sales Associate	Leexo	71-4244157	Pound	GBP	jcb	3565753805990798	57431	0JUG37Z	ETHYL ALCOHOL
169	Emlyn	Tod	etod4o@bigcartel.com	Female	Yiddish	836-93-7424	101.223.213.92	fZzN63C	Rovaniemi University of Applied Sciences	Software Engineer II	Topicshots	86-8530968	Krona	SEK	jcb	3549013719164910	E9979	0MWY0KZ	Loratadine
170	Dicky	Cutchey	dcutchey4p@home.pl	Genderqueer	Bengali	256-34-9797	145.141.5.103	HF2aUvCI	Cardinal Stritch University	Senior Financial Analyst	Twitterlist	48-3165396	Leone	SLL	diners-club-us-ca	5519097021759914	67631	F01ZCFZ	Atomoxetine hydrochloride
171	Antin	Scullard	ascullard4q@nbcnews.com	Female	Latvian	196-50-7037	50.219.244.30	otKB9my8UN	Universidad Católica del Oriente	Structural Engineer	Innotype	11-1345390	Peso	COP	china-unionpay	5602242344951149	V725	047A456	insulin aspart
172	Alicia	Goodwyn	agoodwyn4r@wiley.com	Non-binary	Swedish	673-50-4119	192.229.159.102	3j8Zj4oiL	Harbin Normal University	Safety Technician I	Jetpulse	49-7574716	Pound	EGP	bankcard	5602218161578850	6930	041C0A5	Dextroamphetamine Sulfate, Dextroamphetamine Saccharate, Amphetamine Sulfate and Amphetamine Aspartate
173	Leland	Scannell	lscannell4s@cpanel.net	Bigender	Swati	653-14-9007	118.132.219.120	Kz01j1EOq	Fachhochschule Wiesbaden	Marketing Assistant	Leenti	77-2691213	Rupiah	IDR	mastercard	5313307411160997	67661	0DW0X3Z	Octinoxate
174	Dorolisa	Wines	dwines4t@delicious.com	Bigender	Afrikaans	576-65-2592	36.25.114.189	QFTs08AY	Ecole des Hautes Etudes Commerciales	Graphic Designer	Innojam	32-1711389	Real	BRL	diners-club-us-ca	5484689365197122	28409	0BWTX2Z	rivastigmine
175	Merola	Stede	mstede4u@timesonline.co.uk	Male	Burmese	634-26-8414	14.68.188.147	0i5Szq2Nkn3u	Tallinn University	Programmer Analyst I	Podcat	25-0447072	Yuan Renminbi	CNY	jcb	3574724394979384	01730	BP230ZZ	PYRITHIONE ZINC
176	Sheryl	Gomme	sgomme4v@bloglovin.com	Genderqueer	Hiri Motu	171-14-3574	141.104.182.244	ywrZQiBRgflm	Central Queensland University	Staff Accountant IV	Roodel	78-8690732	Krona	SEK	maestro	67636273561614441	E9344	0D1M0KM	ONDANSETRON HYDROCHLORIDE
177	Honor	Gerty	hgerty4w@skype.com	Non-binary	Thai	602-23-3706	188.193.241.134	g2GTPmpdUq	University of Perpetual Help, System Dalta	Electrical Engineer	Dynabox	85-0733204	Peso	PHP	bankcard	5602246929485704	7853	0NUT0JZ	Ibuprofen
178	Lilia	Drysdell	ldrysdell4x@creativecommons.org	Agender	Luxembourgish	266-95-9249	6.139.38.165	f76gfkA	"Music Academy ""Fryderyk Chopin"" in Warszaw"	Accounting Assistant II	Edgepulse	09-6336386	Koruna	CZK	americanexpress	337941757379697	8055	3E0H7NZ	Nicotine Polacrilex
179	Jude	Hartegan	jhartegan4y@weibo.com	Agender	Bulgarian	306-16-4891	151.160.153.26	ZEDrCha	University of Malakand	Operator	Tagopia	57-0196168	Real	BRL	mastercard	5002350274774203	5824	0WP5X3Z	Cefpodoxime Proxetil
180	Amalle	Scurman	ascurman4z@nymag.com	Genderfluid	Dzongkha	462-09-1182	155.33.111.43	5NGs8DauB	Troy University	Compensation Analyst	Mynte	01-2796676	Peso	PHP	bankcard	5602219196380171	E9951	0PUN4KZ	Trandolapril
181	Porter	Reinhard	preinhard50@cloudflare.com	Male	Latvian	189-35-7283	18.242.201.46	mrb0dMg31S3R	Miyazaki Medical College	Database Administrator IV	Feedfish	21-5467567	Rial	SAR	jcb	3580266900139949	E9797	037407Z	Acetaminophen and Diphenhydramine HCl
182	Bliss	Gauntley	bgauntley51@unicef.org	Genderfluid	Latvian	468-75-3619	226.212.91.89	HUcW0FX4B	Universitas Semarang	Computer Systems Analyst I	Thoughtworks	43-1276942	Rupiah	IDR	jcb	3569394307040059	64801	039000Z	Echinacea Purpurea, Menthol, and Eucalyptus Oil
183	Loni	Harry	lharry52@php.net	Polygender	German	221-25-2941	139.219.184.39	Up4BStzB	Alderson Broaddus College	Payment Adjustment Coordinator	Voolith	59-5778610	Rupiah	IDR	jcb	3571825234616673	7629	02UX47Z	Cephalexin
184	Lorettalorna	Stilgo	lstilgo53@bluehost.com	Male	Arabic	224-29-4294	153.161.27.240	j6VSQHxbPehD	"Music Academy ""Karol Szymanowski"" in Katowice"	Information Systems Manager	Gigashots	42-5439405	Yuan Renminbi	CNY	bankcard	5602220981507945	95215	0TLDXDZ	Dexamethasone Sodium Phosphate
185	Ilene	Rouff	irouff54@mediafire.com	Bigender	Bislama	828-68-9745	12.88.236.74	KXrcDp2Jl8	Mount Mary College	Recruiting Manager	Riffwire	83-1885836	Real	BRL	bankcard	5602250098150388	67442	0RG2370	DEXPANTHENOL
186	Keri	Layne	klayne55@globo.com	Genderfluid	Dutch	896-16-7954	114.7.144.231	rCdoVyR4jjAj	Universidad Privada San Juan Bautista	Sales Associate	Fatz	04-6958309	Rand	ZAR	jcb	3589024965320248	V7388	0BB24ZX	Morphine sulfate
187	Winna	Coast	wcoast56@examiner.com	Male	Finnish	616-80-8507	185.130.68.192	dhGtUpeUFY	University of Mashhad Pnu	Statistician III	Mudo	19-5435321	Rand	ZAR	bankcard	5602210837486063	64780	0L9J30Z	Cashew Nut Meat
188	Ab	Reany	areany57@thetimes.co.uk	Agender	Kashmiri	708-55-8906	193.148.162.250	hkEMe3m7yPu5	Anadolu University	Cost Accountant	Oodoo	56-8598035	Tugrik	MNT	laser	63047139044357183	8940	061249Y	Ibuprofen
189	Alric	Jinkins	ajinkins58@live.com	Male	Bislama	770-92-8003	167.206.118.248	g8eGuitvQT	Université Abdou Moumouni de Niamey	Computer Systems Analyst III	Twitterbeat	09-6838698	Koruna	CZK	jcb	3562961609880924	E9910	0RWX40Z	levothyroxine sodium tablets
190	Gregorius	Blum	gblum59@si.edu	Polygender	Sotho	170-66-9999	12.142.216.247	vYxIt30	Creighton University	Human Resources Manager	Digitube	98-6003789	Yuan Renminbi	CNY	diners-club-enroute	201958470197431	0419	0LCL3ZZ	Bismuth Subsalicylate
191	Devland	Clement	dclement5a@un.org	Agender	Albanian	597-26-7248	109.123.153.203	rtLBm9kLLek	Pedagogical University of Czestochowa	Internal Auditor	Yakitri	94-7701316	Franc	XOF	jcb	3579013781615636	04521	0RHE38Z	spironolactone
192	Orsola	Josephsen	ojosephsen5b@nps.gov	Genderqueer	Bosnian	484-38-5611	167.57.179.96	v3diXJwtm	Pharos International University	Teacher	Oozz	40-3004225	Real	BRL	jcb	3545943715955537	81415	0VW440Z	Ensulizole, Octinoxate, Oxybenzone, Zinc Oxide
193	Tyler	Connors	tconnors5c@51.la	Genderfluid	Kazakh	589-42-0644	47.186.13.70	p8eFCftbG1	Holy Family College	Information Systems Manager	Kimia	55-5916165	Real	BRL	maestro	6763880952810458897	41406	DV003Z0	Trichothecium roseum
194	La verne	O'Cridigan	locridigan5d@squidoo.com	Female	Portuguese	694-40-3171	101.224.68.3	u4lNZHyEa	American-European School of Management 	VP Product Management	Linkbuzz	26-5778991	Peso	COP	jcb	3586732377097419	07052	10Y04ZF	Donepezil Hydrochloride
195	Erminie	McDaid	emcdaid5e@surveymonkey.com	Male	Swedish	270-81-7149	138.222.102.209	uWMKlafH	Fort Lewis College	Electrical Engineer	Mynte	52-5465925	Euro	EUR	diners-club-carte-blanche	30284546874086	E8181	01DL0ZZ	Dextromethorphan HBr, Guaifenesin, Phenylephrine HCl
196	Bobby	Murra	bmurra5f@reverbnation.com	Agender	Kazakh	378-21-7810	185.247.159.207	lD1sAouaUzbu	Saskatchewan Indian Federated College	Quality Engineer	Avavee	55-0505316	Euro	EUR	jcb	3546195925645783	86400	F07J1UZ	telavancin hydrochloride
197	Erasmus	Stetlye	estetlye5g@mapquest.com	Genderfluid	Pashto	540-13-7717	55.27.22.206	1LVO09Uk1ggp	Pikeville College	Product Engineer	Devbug	08-2981935	Litas	LTL	jcb	3536958968680013	73093	0LRF0JZ	Benzocaine
198	Ariel	Brun	abrun5h@shinystat.com	Polygender	Swedish	537-12-6113	225.230.58.222	j6IPPvfrYEB	Hatyai University	Automation Specialist III	Yodoo	58-2802273	Ruble	RUB	jcb	3581686206136449	63702	4A02X4A	Folic Acid
199	Dacie	Muneely	dmuneely5i@army.mil	Polygender	Kyrgyz	846-43-2133	1.122.164.51	7LXSCqY3of	Shahrood University of Medical Sciences	Technical Writer	Skippad	21-3191752	Som	KGS	laser	670608812284676073	71894	041C0K9	Chlorhexidine Gluconate
200	Woody	Eagles	weagles5j@cpanel.net	Agender	Bislama	521-43-4649	195.227.190.37	oywONATkZD	Franciscan University of Steubenville	VP Product Management	Riffwire	22-1552367	Real	BRL	diners-club-carte-blanche	30514190442164	20492	0RWW47Z	Octinoxate Oxybenzone
